,mean_fit_time,std_fit_time,mean_score_time,std_score_time,param_hidden_layer_sizes,params,split0_test_score,split1_test_score,split2_test_score,mean_test_score,std_test_score,rank_test_score
0,19.183989604314167,7.6502907414454615,0.09450888633728027,0.026337388945607026,56,{'hidden_layer_sizes': 56},0.9835559627718571,0.9820610502965713,0.9582851080246914,0.9746340403643733,0.011576538985172084,1
1,17.8664813041687,3.990775240738909,0.054330666859944664,0.002438566216663714,52,{'hidden_layer_sizes': 52},0.981578820465834,0.9821574962627189,0.9585262345679012,0.974087517098818,0.01100602416632933,2
